{
  "generated": "2026-04-16",
  "hypothesis": "H-BV-CONSONANT-SEMANTICS-01",
  "locked_in_commit": "0abc1ad",
  "group_sizes": {
    "A_plant": 88,
    "A_nonplant_h": 8,
    "A_pharma": 16,
    "B_plant": 25,
    "B_nonplant_h": 7,
    "B_biological": 19,
    "B_recipes": 23,
    "zodiac": 12,
    "astronomical": 8
  },
  "top_k": 20,
  "jaccard_matrix_top_k": {
    "A_plant": {
      "A_plant": 1.0,
      "A_nonplant_h": 0.6666666666666666,
      "A_pharma": 0.5384615384615384,
      "B_plant": 0.6,
      "B_nonplant_h": 0.5384615384615384,
      "B_biological": 0.42857142857142855,
      "B_recipes": 0.48148148148148145,
      "zodiac": 0.5384615384615384,
      "astronomical": 0.6
    },
    "A_nonplant_h": {
      "A_plant": 0.6666666666666666,
      "A_nonplant_h": 1.0,
      "A_pharma": 0.48148148148148145,
      "B_plant": 0.48148148148148145,
      "B_nonplant_h": 0.48148148148148145,
      "B_biological": 0.3333333333333333,
      "B_recipes": 0.48148148148148145,
      "zodiac": 0.5384615384615384,
      "astronomical": 0.48148148148148145
    },
    "A_pharma": {
      "A_plant": 0.5384615384615384,
      "A_nonplant_h": 0.48148148148148145,
      "A_pharma": 1.0,
      "B_plant": 0.5384615384615384,
      "B_nonplant_h": 0.5384615384615384,
      "B_biological": 0.42857142857142855,
      "B_recipes": 0.48148148148148145,
      "zodiac": 0.5384615384615384,
      "astronomical": 0.42857142857142855
    },
    "B_plant": {
      "A_plant": 0.6,
      "A_nonplant_h": 0.48148148148148145,
      "A_pharma": 0.5384615384615384,
      "B_plant": 1.0,
      "B_nonplant_h": 0.8181818181818182,
      "B_biological": 0.48148148148148145,
      "B_recipes": 0.6,
      "zodiac": 0.48148148148148145,
      "astronomical": 0.6666666666666666
    },
    "B_nonplant_h": {
      "A_plant": 0.5384615384615384,
      "A_nonplant_h": 0.48148148148148145,
      "A_pharma": 0.5384615384615384,
      "B_plant": 0.8181818181818182,
      "B_nonplant_h": 1.0,
      "B_biological": 0.5384615384615384,
      "B_recipes": 0.6666666666666666,
      "zodiac": 0.48148148148148145,
      "astronomical": 0.6666666666666666
    },
    "B_biological": {
      "A_plant": 0.42857142857142855,
      "A_nonplant_h": 0.3333333333333333,
      "A_pharma": 0.42857142857142855,
      "B_plant": 0.48148148148148145,
      "B_nonplant_h": 0.5384615384615384,
      "B_biological": 1.0,
      "B_recipes": 0.6666666666666666,
      "zodiac": 0.3793103448275862,
      "astronomical": 0.3793103448275862
    },
    "B_recipes": {
      "A_plant": 0.48148148148148145,
      "A_nonplant_h": 0.48148148148148145,
      "A_pharma": 0.48148148148148145,
      "B_plant": 0.6,
      "B_nonplant_h": 0.6666666666666666,
      "B_biological": 0.6666666666666666,
      "B_recipes": 1.0,
      "zodiac": 0.48148148148148145,
      "astronomical": 0.42857142857142855
    },
    "zodiac": {
      "A_plant": 0.5384615384615384,
      "A_nonplant_h": 0.5384615384615384,
      "A_pharma": 0.5384615384615384,
      "B_plant": 0.48148148148148145,
      "B_nonplant_h": 0.48148148148148145,
      "B_biological": 0.3793103448275862,
      "B_recipes": 0.48148148148148145,
      "zodiac": 1.0,
      "astronomical": 0.5384615384615384
    },
    "astronomical": {
      "A_plant": 0.6,
      "A_nonplant_h": 0.48148148148148145,
      "A_pharma": 0.42857142857142855,
      "B_plant": 0.6666666666666666,
      "B_nonplant_h": 0.6666666666666666,
      "B_biological": 0.3793103448275862,
      "B_recipes": 0.42857142857142855,
      "zodiac": 0.5384615384615384,
      "astronomical": 1.0
    }
  },
  "primary_jaccard": {
    "A_plant_vs_B_plant": 0.6,
    "A_plant_vs_B_nonplant_h": 0.5385,
    "ratio": 1.114
  },
  "per_folio": {
    "within_plant_all_hands": 0.2396,
    "within_nonplant_all_hands": 0.2793,
    "across_plant_nonplant": 0.2489,
    "within_plant_over_across_ratio": 0.963,
    "within_A_plant": 0.2491,
    "within_B_plant": 0.2874,
    "across_A_plant_B_plant": 0.2166,
    "across_A_plant_B_nonplant_h": 0.2289
  },
  "verdict": "REFUTED"
}