{
  "generated": "2026-04-16",
  "patterns": [
    "_.e.e",
    "_.eeo",
    "_.o.eo"
  ],
  "hand_b_plants_n": 25,
  "hand_b_non_plant_n": 7,
  "real_plant_combined_rate": 0.01633,
  "real_non_plant_combined_rate": 0.0,
  "holdout_5fold": {
    "_.e.e": [
      0.001890359168241966,
      0.014028056112224449,
      0.005847953216374269,
      0.005813953488372093,
      0.003883495145631068
    ],
    "_.eeo": [
      0.001890359168241966,
      0.0,
      0.01364522417153996,
      0.005813953488372093,
      0.007766990291262136
    ],
    "_.o.eo": [
      0.003780718336483932,
      0.002004008016032064,
      0.007797270955165692,
      0.007751937984496124,
      0.0
    ]
  },
  "holdout_combined_by_fold": [
    0.00756,
    0.01603,
    0.02729,
    0.01938,
    0.01165
  ],
  "volvelle_null": {
    "runs": 200,
    "null_plant_mean": 0.00798,
    "null_non_mean": 0.00787,
    "null_diff_mean": 0.00011,
    "null_diff_sd": 0.00366,
    "zero_non_runs": 1,
    "plant_ge_real_runs": 0,
    "z": 4.43,
    "p_emp_diff": 0.0,
    "p_emp_joint": 0.0
  }
}